time_seconds,scene,emotion
0.7,threatening scene,sad
1.55,threatening scene,fear
1.85,threatening scene,neutral
2.19,threatening scene,sad
2.53,threatening scene,fear
2.86,threatening scene,sad
3.2,threatening scene,neutral
3.53,threatening scene,neutral
3.85,threatening scene,neutral
4.19,threatening scene,neutral
4.53,threatening scene,fear
4.86,threatening scene,neutral
5.2,threatening scene,sad
5.53,threatening scene,sad
5.87,threatening scene,fear
6.21,threatening scene,fear
6.54,threatening scene,neutral
6.88,threatening scene,fear
7.18,threatening scene,neutral
7.53,threatening scene,sad
7.87,threatening scene,neutral
8.21,threatening scene,neutral
8.54,threatening scene,neutral
8.88,threatening scene,neutral
9.18,joyful scene,neutral
9.52,joyful scene,fear
9.85,joyful scene,fear
10.17,joyful scene,neutral
10.52,joyful scene,fear
10.88,joyful scene,neutral
11.89,joyful scene,neutral
12.22,joyful scene,sad
12.56,joyful scene,sad
12.89,joyful scene,sad
13.23,joyful scene,sad
13.57,joyful scene,sad
13.89,joyful scene,sad
14.22,joyful scene,sad
14.56,joyful scene,sad
14.89,joyful scene,sad
15.23,joyful scene,sad
15.57,joyful scene,sad
15.9,joyful scene,fear
16.24,joyful scene,neutral
16.57,joyful scene,sad
16.91,joyful scene,neutral
17.25,joyful scene,neutral
17.57,joyful scene,neutral
17.9,joyful scene,neutral
18.24,sad scene,fear
18.57,sad scene,fear
18.91,sad scene,fear
19.25,sad scene,fear
19.55,sad scene,fear
19.89,sad scene,fear
20.22,sad scene,fear
20.54,sad scene,sad
20.88,sad scene,sad
21.25,sad scene,sad
21.55,sad scene,sad
21.89,sad scene,sad
22.22,sad scene,sad
22.56,sad scene,sad
22.89,sad scene,fear
23.23,sad scene,sad
23.57,sad scene,neutral
23.89,sad scene,neutral
24.22,sad scene,neutral
24.56,sad scene,fear
24.89,sad scene,fear
25.23,sad scene,fear
25.57,sad scene,fear
25.9,sad scene,neutral
26.24,sad scene,neutral
26.57,sad scene,fear
26.91,sad scene,fear
27.23,relaxing scene,sad
27.57,relaxing scene,fear
27.9,relaxing scene,neutral
28.24,relaxing scene,fear
28.57,relaxing scene,fear
28.91,relaxing scene,sad
29.25,relaxing scene,fear
29.55,relaxing scene,fear
29.89,relaxing scene,sad
30.22,relaxing scene,sad
30.55,relaxing scene,sad
30.91,relaxing scene,fear
31.25,relaxing scene,sad
31.55,relaxing scene,sad
31.89,relaxing scene,sad
32.22,relaxing scene,sad
32.56,relaxing scene,sad
32.89,relaxing scene,fear
33.23,relaxing scene,sad
33.57,relaxing scene,happy
33.89,relaxing scene,happy
34.22,relaxing scene,neutral
